# Randomly generated names and students numbers
"Student ID", "First Name", "Last Name"
100177991,Vergie,Alcazar
100016067,Xavier,Almy
100241929,Hana,Amen
100678624,Mabelle,Amero
100320664,Kerri,Arbeiter
100727485,Curt,Autry
100910663,Maurice,Balducci
100580451,Ervin,Banta
100886025,Trisha,Bartholomew
100528929,Palma,Bascom
100702439,Eulalia,Blanchard
100201261,Debrah,Bohannan
100363428,Carrie,Both
100104656,Janyce,Bottoms
100086807,Kim,Bowsher
100846871,Diego,Brand
100825224,Suzanna,Carman
100056413,Sammy,Coday
100072684,Shavon,Corzine
100837009,Ebony,Cotto
100876755,Conception,Curling
100083304,Diego,Dart
100563341,Merrill,Daughdrill
100922197,Suzann,Delahanty
100034860,Roxanna,Donlan
100195003,Silva,Doody
100078989,Ma,Edlund
100912693,Shira,Encarnacion
100871194,Enriqueta,Fenwick
100602538,Siu,Fey
100997249,Inger,Formby
100630132,Alpha,Foushee
100286175,Charlette,Gess
100913640,Sarita,Giddens
100544876,China,Gines
100993658,Melda,Gluck
100544982,Lauretta,Gooding
100334441,Chasity,Graf
100869922,Mireille,Haff
100479892,Yevette,Hayward
100940402,Gaynelle,Hegwood
100269786,Karolyn,Heiner
100735638,Penni,Herrera
100295120,Daniella,Hibdon
100857727,Emile,Hilburn
100898117,Marta,Holiday
100705684,Adam,Holte
100208339,Karissa,Holzinger
100322885,Edna,Homeyer
100160613,Chanell,Hsieh
100407879,Odette,Huang
100181668,Benton,Iwamoto
100647606,Anglea,Jeffery
100711729,Jacklyn,Joynes
100506837,Charlie,Jump
100057922,Barbar,Kennard
100899930,Kimberli,Kenny
100876657,Quintin,Kessinger
100535782,Wilson,Kitchens
100528043,Frederick,Knaub
100672980,Dominga,Koller
100368561,Kathaleen,Lamberson
100663484,Eliana,Landin
100941555,Hyman,Langlinais
100695310,Tonette,Latimore
100303034,Sau,Lebowitz
100674073,Darrell,Lenz
100952036,Tennie,Liao
100207222,Saturnina,Lu
100052403,Catharine,Major
100742389,Tajuana,Marcucci
100065267,Takisha,Mcbean
100916471,Gigi,Mcglynn
100530919,Xiao,Mcnees
100796545,Angela,Mertes
100688891,Lashawnda,Mirando
100991542,Claudie,Mires
100382723,Madison,Mortellaro
100728841,Zenia,Mowrer
100143652,Nicol,Murphy
100594133,Lauri,Nail
100023098,Enrique,Narciso
100846076,Alvin,Norberg
100339144,Daisy,Northrop
100100427,Jacquelynn,Padula
100420686,Jennette,Peabody
100719104,Mora,Peveto
100376625,Emiko,Phinney
100014772,Raylene,Pickett
100548224,Dacia,Plumadore
100223712,Tony,Polich
100249622,Jacqueline,Polston
100849138,Frederica,Pressley
100504364,Opal,Ptak
100413701,Latoyia,Quiles
100480852,Martha,Rackley
100063121,Deon,Rameriz
100733069,Bernard,Reiser
100124772,Michael,Risinger
100184213,Theresia,Roessler
100434083,Thu,Rutledge
100769722,Trish,Saeed
100294973,Charmaine,Sanmiguel
100908956,Carylon,Severa
100542475,Jestine,Slemp
100191534,Coretta,Sojka
100236056,Kenisha,Sprowl
100343884,Saul,Stahler
100642086,Leif,Stamant
100236209,Mirtha,Stegman
100514372,Reynalda,Sterner
100586728,Rina,Stiff
100926052,Clarisa,Stifter
100381830,Marlene,Stukes
100882433,Willena,Suda
100233509,Ayanna,Suman
100982845,Bonita,Sylvestre
100977594,Serafina,Tavarez
100023561,Sherron,Teixeira
100652464,Letha,Thames
100218892,Tera,Townsley
100214552,Digna,Trial
100136793,Melani,Trinh
100669620,Micah,Twitty
100845903,Paulita,Vasquez
100226543,Hollis,Vizcarra
100896621,Chang,Vizcarrondo
100656881,Anastasia,Weatherford
100988418,Destiny,Woodbridge
100059295,Lanie,Ziemba
